{
  "project_info": {
    "project_number": "935000554849",
    "firebase_url": "https://oylaapp-262615.firebaseio.com",
    "project_id": "oylaapp-262615",
    "storage_bucket": "oylaapp-262615.appspot.com"
  },
  "client": [
    {
      "client_info": {
        "mobilesdk_app_id": "1:935000554849:android:9c57985d86b196edb01920",
        "android_client_info": {
          "package_name": "com.oyla.captain"
        }
      },
      "oauth_client": [
        {
          "client_id": "935000554849-9hc1lrsspei6898su8311gat04o7ni02.apps.googleusercontent.com",
          "client_type": 1,
          "android_info": {
            "package_name": "com.oyla.captain",
            "certificate_hash": "b45217eb176cd3d0435ad4559844effacbdca88d"
          }
        },
        {
          "client_id": "935000554849-vcj01f963r1ffnkmqjtcr0dp8c0p2mbi.apps.googleusercontent.com",
          "client_type": 1,
          "android_info": {
            "package_name": "com.oyla.captain",
            "certificate_hash": "7abc8e1cfb72e13deb6ca10356451ebf8b1a016b"
          }
        },
        {
          "client_id": "935000554849-umecci2k1js2do0d916l0r5b3t4dgvkc.apps.googleusercontent.com",
          "client_type": 3
        }
      ],
      "api_key": [
        {
          "current_key": "AIzaSyC-g_fwXmWDyEo1V_azzTbC0hxzevlADEw"
        }
      ],
      "services": {
        "appinvite_service": {
          "other_platform_oauth_client": [
            {
              "client_id": "935000554849-dg5ls9ougk5slo3kbhdanii4j97t1rvd.apps.googleusercontent.com",
              "client_type": 3
            },
            {
              "client_id": "935000554849-lu1dgvnjqniteimul1f1phjigab1su0u.apps.googleusercontent.com",
              "client_type": 2,
              "ios_info": {
                "bundle_id": "developer.OYLA"
              }
            }
          ]
        }
      }
    },
    {
      "client_info": {
        "mobilesdk_app_id": "1:935000554849:android:308145912f23c561b01920",
        "android_client_info": {
          "package_name": "com.oyla.passenger"
        }
      },
      "oauth_client": [
        {
          "client_id": "935000554849-k6fm59d7rimsusooep3mu12af5tupqmh.apps.googleusercontent.com",
          "client_type": 1,
          "android_info": {
            "package_name": "com.oyla.passenger",
            "certificate_hash": "877bb41a456809b717dbd5abe74be53ae0198ca0"
          }
        },
        {
          "client_id": "935000554849-uj73q9g3jcqj4mfpq8gbl6h5gqbhrq7n.apps.googleusercontent.com",
          "client_type": 1,
          "android_info": {
            "package_name": "com.oyla.passenger",
            "certificate_hash": "62d2a21f765e2db7058c0fc60e7513d35f9082dc"
          }
        },
        {
          "client_id": "935000554849-umecci2k1js2do0d916l0r5b3t4dgvkc.apps.googleusercontent.com",
          "client_type": 3
        }
      ],
      "api_key": [
        {
          "current_key": "AIzaSyC-g_fwXmWDyEo1V_azzTbC0hxzevlADEw"
        }
      ],
      "services": {
        "appinvite_service": {
          "other_platform_oauth_client": [
            {
              "client_id": "935000554849-dg5ls9ougk5slo3kbhdanii4j97t1rvd.apps.googleusercontent.com",
              "client_type": 3
            },
            {
              "client_id": "935000554849-lu1dgvnjqniteimul1f1phjigab1su0u.apps.googleusercontent.com",
              "client_type": 2,
              "ios_info": {
                "bundle_id": "developer.OYLA"
              }
            }
          ]
        }
      }
    },
    {
      "client_info": {
        "mobilesdk_app_id": "1:935000554849:android:55d6261a307fa395b01920",
        "android_client_info": {
          "package_name": "com.oyla.userapp"
        }
      },
      "oauth_client": [
        {
          "client_id": "935000554849-coigduonqo22npnhfdj968kugm73hl2t.apps.googleusercontent.com",
          "client_type": 1,
          "android_info": {
            "package_name": "com.oyla.userapp",
            "certificate_hash": "53508c8fdc43a4a2b4df0ca8df0fbb0750b928e5"
          }
        },
        {
          "client_id": "935000554849-toikh1hlhumonlfa54t39djbgr9qscv2.apps.googleusercontent.com",
          "client_type": 1,
          "android_info": {
            "package_name": "com.oyla.userapp",
            "certificate_hash": "877bb41a456809b717dbd5abe74be53ae0198ca0"
          }
        },
        {
          "client_id": "935000554849-umecci2k1js2do0d916l0r5b3t4dgvkc.apps.googleusercontent.com",
          "client_type": 3
        }
      ],
      "api_key": [
        {
          "current_key": "AIzaSyC-g_fwXmWDyEo1V_azzTbC0hxzevlADEw"
        }
      ],
      "services": {
        "appinvite_service": {
          "other_platform_oauth_client": [
            {
              "client_id": "935000554849-dg5ls9ougk5slo3kbhdanii4j97t1rvd.apps.googleusercontent.com",
              "client_type": 3
            },
            {
              "client_id": "935000554849-lu1dgvnjqniteimul1f1phjigab1su0u.apps.googleusercontent.com",
              "client_type": 2,
              "ios_info": {
                "bundle_id": "developer.OYLA"
              }
            }
          ]
        }
      }
    }
  ],
  "configuration_version": "1"
}